Label,Topic
Relationships and Love,"Есть ли такие, кто пожалел, что не родили"
Relationships and Love,"Девочки,кто нашел постоянного любовника на сз?АУ!"
Relationships and Love,Шансы 53-х летнему мужчине найти девушку до 25 лет
Relationships and Love,Почему некоторые мужчины ревнуют к прошлому женщины?
Relationships and Love,"Ребенок мужа, он и я. Схожу с ума. Помогите"
Relationships and Love,Повышенный пролактин. ЛЕЧЕНИЕ ДОСТИНЕКСОМ.
Relationships and Love,Возвращение бывшей любовницы с ребенком.
Relationships and Love,Мужчины не хотят жениться
Relationships and Love,"30 лет, давно хочу семью, детей, но не удается"
Relationships and Love,Как вы относитесь к неработающим женщинам
Health and Wellness,"Что делать, если грудь не растет?"
Parenting and Family,Плюсы от детей?
Relationships and Love,Как начать новую жизнь после разрыва?
Relationships and Love,Так вам нужна целомудренная скромница или яркая и сексуальная девушка?
Relationships and Love,Равноправие полов! За и Против!
Relationships and Love,"Мне 38 лет, не замужем, детей нет."
Relationships and Love,Где найти нормального мужчину?
Relationships and Love,О женах-домохозяйках. Вы существуете?
Relationships and Love,Муж мне не доверяет
Relationships and Love,Замужество - это обслуживание мужика?
Relationships and Love,"почему в России молодые пары несостоявшиеся финансово женятся, рожают детей"
Relationships and Love,Замужество - это обслуживание мужика?
Relationships and Love,"Требования, предъявляемые к мужчинам и наоборот!"
Health and Wellness,Повышенный пролактин. ЛЕЧЕНИЕ ДОСТИНЕКСОМ.
Health and Wellness,Артродез голеностопного сустава
Health and Wellness,Рубцы постакне (и не только)
Health and Wellness,Возможно ли жить в москве провинциалке?
Health and Wellness,Жадные мужчины!
Health and Wellness,обеспеченные одинокие девушки до 30: как быть если в основном мужчины нищие?
Health and Wellness,Здесь есть действительно волосатые девушки???
Health and Wellness,Фуросемид
Health and Wellness,Гадалка нагадала смерть от родов
Health and Wellness,Отчаялась. Посоветуйте как похудеть.
Health and Wellness,Как вправить беременной невестке мозги. Довела до развода
Health and Wellness,рино в Краснодаре!!!
Health and Wellness,отращиваем волосы) присоединяйтесь!)))
Health and Wellness,Если на тесте на беременность вторая полоска светленькая...
Health and Wellness,Запущенный неврит лицевого нерва
Health and Wellness,Фуросемид
Health and Wellness,НоваРинг-отзывы
Health and Wellness,Эутирокс-отзывы
Societal Issues and Morality,Кухня СССР или нынешняя современная кухня.
Societal Issues and Morality,"Мужчины, вы хотите, чтобы ваша жена не работала?"
Societal Issues and Morality,"Мамы взрослых детей, которым НЕ нравится выбор своего ребенка (зять/невестка), как вы себя ведете?"
Societal Issues and Morality,"Женщины от 35, без семьи и карьеры, давайте пообщаемся!"
Societal Issues and Morality,Дурман трава - для удаления волос навсегда
Societal Issues and Morality,Равноправие полов! За и Против!
Societal Issues and Morality,кто сталкивался с переломом челюсти???
Societal Issues and Morality,Обеспеченные одинокие девушки до 30: как быть если в основном мужчины нищие?
Societal Issues and Morality,Где найти нормального мужчину?
Societal Issues and Morality,Равноправие полов! За и Против!
Societal Issues and Morality,Что случилось с славянскими женщинами?
Societal Issues and Morality,кто сталкивался с переломом челюсти???
Societal Issues and Morality,Не пустила в квартиру из роддома
Societal Issues and Morality,Холостяк как осознанный выбор современного успешного мужчины
Societal Issues and Morality,"почему в России молодые пары несостоявшиеся финансово женятся, рожают детей"
Societal Issues and Morality,Равноправие полов! За и Против!
Societal Issues and Morality,Замужество - это обслуживание мужика?
Societal Issues and Morality,"почему в России молодые пары несостоявшиеся финансово женятся, рожают детей"
Societal Issues and Morality,Какие шансы выйти замуж после 30?
Societal Issues and Morality,Замужество - это обслуживание мужика?
Societal Issues and Morality,"Требования, предъявляемые к мужчинам и наоборот!"
Relationships and Love,"Парень купил себе квартиру, потом сделал предложение..."
Parenting and Family,Мы отказались от предохранения и мечтаем о малыше. Кто тоже занят тем же? Давайте дружить :)
Relationships and Love,Нет любви и вся жизнь теряет смысл?
Health and Wellness,"Гирудотерапия, лечение пиявками, природный источник здоровья."
Career and Finance,Как вы справляетесь с отсутствием денег?
Relationships and Love,Что должен сделать мужчина чтобы заслужить секс с тобой?
Relationships and Love,"Мужчины, осуждающие женщин ""с опытом"" - не уверены в себе? ))"
Relationships and Love,МУЖЧИНЫ! вам нравятся красивые девушки? Посчитаем во сколько обходится женская красота! Это к вопросу о меркантильности женщин.
Relationships and Love,Парень бросил после того как узнал сколько у меня было секс партеноров...
Relationships and Love,Как мужчины относятся к девственницам?
Relationships and Love,Жена не хочет меня!
Relationships and Love,Не могу забыть бывшую 4 года
Health and Wellness,Линдинет 20 отзывы
Health and Wellness,Крем Солантра для лечения Розацеа!!!
Health and Wellness,Требования 40-летних женщин
Health and Wellness,за что может мужчина ударить женщину?
Health and Wellness,Как вы справляетесь с отсутствием денег?
Health and Wellness,"Гирудотерапия, лечение пиявками, природный источник здоровья."
Health and Wellness,Элос-эпиляция - кто делал?
Societal Issues and Morality,Стали ли бы вступать в отношения с «прозревшим» мужчиной?
Societal Issues and Morality,"Как вы думаете для мужчин очень важно, чтобы женщина работала и вкладывалась в семейный бюджет?"
Societal Issues and Morality,Чувства к любовницам
Societal Issues and Morality,Симпатия на форуме
Societal Issues and Morality,Элос-эпиляция - кто делал?
Societal Issues and Morality,Жена не хочет меня!
Societal Issues and Morality,Не могу забыть бывшую 4 года
Career and Finance,Не хватает 150 тыс на двоих - как оптимизировать бюджет?
Career and Finance,Как девушки зарабатывают на взрослую жизнь?
Career and Finance,работа стюардессой
Career and Finance,О равенстве полов и женской меркантильности
Career and Finance,Средняя зарплата в вашем регионе
Career and Finance,Оплата работы домохозяйки
Societal Issues and Morality,Пикап и пикаперы. Соцопрос для женщин.
Societal Issues and Morality,Наивный вопрос к старшему поколению.
Parenting and Family,Что сейчас за мода поливать родителей грязью?
Societal Issues and Morality, После толстого тонкий уже не то?
Societal Issues and Morality,Самый большой позор в вашей жизни
Parenting and Family,Мы отказались от предохранения и мечтаем о малыше. Кто тоже занят тем же? Давайте дружить :)
Parenting and Family,новая жена мужа запретила нашей дочери даже звонить!!!
Relationships and Love,Чувства к любовницам
Parenting and Family,Нашим бабушкам не нужны внуки
Parenting and Family,Вы хотели бы кастрировать своего мужа
Parenting and Family,Ребенок от женатого и алименты
Societal Issues and Morality,Не доженщина((( 
Parenting and Family,Свекровь заказала дорогой подарок
Career and Finance,БОМБИТ!Меркантильность девушек.
Career and Finance,работа стюардессой
Parenting and Family,Отдаю ребенка отцу
Relationships and Love,Мужчины форума вызывают у вас сексуальное желание или эротические фантазии?
Societal Issues and Morality,Поддержали бы вы революцию 17-го года?
Relationships and Love,Взаимная ненависть с мужем - это конец или кризис?
Societal Issues and Morality,Вопрос к пополамщицам
Societal Issues and Morality,Почему парни называют меня РСП
Health and Wellness,Срочно! Всем кто сдавал (или знает) анализ Онкомаркер СА 125
Career and Finance,Почему работающие женщины не любят домохозяек?
Career and Finance,Почему стыдно не работать???
Health and Wellness,Эмболизация маточных артерий
Relationships and Love,Взаимная ненависть с мужем - это конец или кризис?
Health and Wellness,Что хорошего в большом члене???
Health and Wellness,Ринопластика
Parenting and Family,У мамы ключи от моей квартиры
Parenting and Family,Вопрос бедным домохозяйкам
Societal Issues and Morality,Темы с тайного мужского форума
Parenting and Family,Дочка и невестка живут со мной
Parenting and Family,Можно ли перед сыном ходить с голой грудью
Relationships and Love,А женщины в России из-за зависимости прощают измены мужей и учатся быть умными?
Health and Wellness,Боюсь глотать пищу и подавиться
Relationships and Love,"Девушки вопрос к вам. Хотели бы, чтобы ваш парень был девственником? И хотели бы, чтобы стал мужем такой?"
Societal Issues and Morality,Как привлечь гадалку к ответственности?
Relationships and Love,Гадалка
Relationships and Love,Что может дать пополамщик?
Career and Finance,"Ипотека и ваше выживание, пардон.."
Relationships and Love,Кто ждет парня из армии?
Relationships and Love,Почему кавказцы такие красивые?
Health and Wellness,Съёмные зубные протезы.
Relationships and Love,Почему мужчины так не любят полненьких?
Relationships and Love,"Как правильно ухаживать за женщиной, не спровоцировав потребительское отношение к себе"
Parenting and Family,Семья мужа хочет повесить на меня уход за их матерью
Career and Finance,"В России жить богаче, чем в США"
Career and Finance,Зарплата в Центральном банке РФ
Relationships and Love,Ради детей жить с нелюбимым?
Relationships and Love,"Полные мужчины, девушки, как они вам?"
Health and Wellness,Хламидии.... Кто-нибудь вылечился?
Parenting and Family,Многодетные семьи - зачем?
Relationships and Love,"Муж тащит в компанию на Новый год, ссора"
Relationships and Love,Измена спустя 27 лет брака
Societal Issues and Morality,Все больше женщин приходят к феминизму
Health and Wellness,Последствия от ботокса.
Societal Issues and Morality,Есть верные мужчины?
Parenting and Family,Сын с невесткой обиделись
Career and Finance,Сколько зарабатывают достойные мужчины?
Parenting and Family,А вы бы родили в 47?
Relationships and Love,Кто возвращал любимых и у кого это получалось.
Societal Issues and Morality,"Прихожу к выводу, что тяжелее всего в жизни мне было в школьные годы. У кого также?"
Societal Issues and Morality,Женская наглость и жадность не знает границ
Societal Issues and Morality,Почему в России ругают и стыдят чайлдфри?
Health and Wellness,Не чувствую себя желанным мужем. Что делать?
Societal Issues and Morality,"Почему я не хочу замуж, не хочу детей?"
Health and Wellness,Ранний климакс
Parenting and Family,Работать или не работать женщине с детьми
Relationships and Love,Жена задает вопрос любовницам....
Relationships and Love,Мужчина водолей. Отказала в сексе и получила в ответ агрессию и сразу слился.
Career and Finance,"Расходы 50-50 с мужчиной иностранцем, сложно принять"
Relationships and Love,Разве есть нормальные на СЗ?
Relationships and Love,"Как можно влюбиться в человека, общаясь с ним только по интернету?"
Career and Finance,Не могу избавить ребенка от вшей :(
Health and Wellness,Для вас женщина 46 размера - полная???
Parenting and Family,Скончалась бывшая жена мужа. Куда девать детей?
Relationships and Love,Вопрос пополамщицам
Parenting and Family,Мать не хочет помочь с квартирой.
Health and Wellness,Отзывы о VIVASAN
Relationships and Love,В девушке до меня были мужики
Health and Wellness,Диагноз: Выброс желчи в желудок. Как лечиться?
Relationships and Love,"Незамужние девушки к тридцати"", а вы думали, что будете делать, если не выйдете замуж?"
Societal Issues and Morality,Комплексую из-за нации
Relationships and Love,Почему вам обязательно нужно в ресторан?
Career and Finance,Надоело быть домохозяйкой
Relationships and Love,"Как вы смогли смириться с тем, что так и не найдете вторую половину?"
Societal Issues and Morality,Наш мир матрица?
Relationships and Love,Муж и деньги
Parenting and Family,"Форумчане без детей, как живёте?"
Relationships and Love,Секс с роботом
Relationships and Love,Как же сложно сейчас найти нормальную девушку...
Relationships and Love,"Мужчины, вы существуете? АУ??"
Health and Wellness,себорейный дерматит
Health and Wellness,как быстро вы забеременели после удаления трубы при внематочной?
Relationships and Love,Если девушка не девственница - девушка б/у?
Career and Finance,Все мужья отдают своим женам зарплаты?
Career and Finance,"Девушки, вы бы стали заводить ребенка при зарплате мужа 35-40тыс?"
Career and Finance,Я содержанка.. отвечу на все вопросы.
Relationships and Love,Сколько партнеров было до мужа?
Relationships and Love,Есть ли в ваших отношениях интимная переписка?
Relationships and Love,Стоит ли уже общаться с женщинами?
Relationships and Love,Мужчина предложил погулять в парке...
Career and Finance,Оплата в ресторане пополам
Health and Wellness,Маска для волос из горчицы
Parenting and Family,невестка с детьми не уходит из квартиры
Parenting and Family,Как правильно попросить маму купить лифчик?
Health and Wellness,Пирсинг в соске
Societal Issues and Morality,Откуда столько мудешников развелось?
Societal Issues and Morality,зачем вы настраиваете детей против отцов?
Societal Issues and Morality,"Почему считать, что мужчина должен обеспечивать свою женщину/семью-стыдно?"
Societal Issues and Morality,"Меркантильные женщины, если вас на место мужчины?"
Relationships and Love,Моя история. Борьба жены с любовницей.
Relationships and Love,Кто должен платить за кафе?
Health and Wellness,Последствия после гормональной мази
Societal Issues and Morality,"А вам не кажется, что мужчины зажрались?"
Health and Wellness,Генитальный герпес как с этим жить???
Societal Issues and Morality,Почитала АБФ. в шоках
Health and Wellness,для тех кому знаком ГИПЕРГИДРОЗ !
Relationships and Love,А есть на форуме такие кто забеременел обманом???
Parenting and Family,Любимый отменил роспись на кануне вечером
Societal Issues and Morality,"Холостяки, почему вы не женитесь?"
Relationships and Love,Невеста отказывается заключать брачный договор
Parenting and Family,Сын заговорил о размене квартиры
Career and Finance,расходы в США
Parenting and Family,"Одной дочери образование, другой квартиру. Где несправедливость-то?"
Societal Issues and Morality,"Почему большинство женщин на этом форуме считают, что они выглядят моложе своих лет?"
Parenting and Family,Должны ли родители обеспечивать жильем своих подросших детей?
Societal Issues and Morality,Смешные конкурсы на день рождения
Health and Wellness,"Почему люди боятся делать прививку, но не боятся заразиться вирусом?"
Career and Finance,Почему сейчас так трудно найти работу?
Health and Wellness,"отходняк / похмелье / ,бадун -помогите умоляю"
Relationships and Love,Почему парни перестали знакомиться с девушками?
Societal Issues and Morality,"В 30 лет девушке легко выглядеть на 20-25 и при этом 30 - считается уже ""второсортностью"" - ???"
Relationships and Love,Почему так сложно женщинам найти мужчину для серьезных отношений?
Health and Wellness,Миома рассосалась во время климакса-миф или реальность?
Parenting and Family,ребенок мужа от первого брака будет жить с нами
Societal Issues and Morality,Осуждают содержанок только женщины с плохой внешностью
Parenting and Family,"Чтобы стать хорошей свекровью, нужно быть плохой матерью?"
Health and Wellness,Новый метод омоложения - наноперфорация. Что это?
Health and Wellness,Болит живот как при месячных. Могу я быть беремена?
Societal Issues and Morality,Женщины СССР
Relationships and Love,Женский добрачный секс непременно разрушит её будущую семью
Health and Wellness,"Как узнать, через сколько дней начнутся месячные???"
Societal Issues and Morality,Мужчины в женских колготках
Societal Issues and Morality,Почему стало много одиноких мужчин?
Health and Wellness,Чем плохо рожать в сорок?
Relationships and Love,Вскрыла измену. как дальше? Как быть?
Relationships and Love,Мужчины- чайлдфри
Health and Wellness,Я вылечила щитовидку
Societal Issues and Morality,Девуки! Милые длинноволосые красавицы! Закалывайте свои кудри в общественном транспорте!
Societal Issues and Morality,Где обитают ЧФ?
Societal Issues and Morality,Почему в ссср люди жили так бедно?
Relationships and Love,Мужики гуляют ВСЕ. Или хороший левак укрепляет брак
Health and Wellness,Эффективные диеты
Relationships and Love,Кто такие пополамщики?
Societal Issues and Morality,Почему женщины так ленивы в постели?
Health and Wellness,Кому-нибудь удалось найти шампунь без лаурил сульфат натрия?
Parenting and Family,"Чайлдфри, для тех кому за 40, зайдите!"
Relationships and Love,"Стоит ли искать секс на стороне и насколько это справедливо, если он почти отсутствует с женой?"
Relationships and Love,"А вы тоже считаете, что тело дочери - её дело, и пусть спит с кем хочет?"
Health and Wellness,Расстался с девушкой и первый раз попробовал волшебную фею!
Relationships and Love,В 27 лет ни разу ни с кем не встречалась
Relationships and Love,Мужчина жадный? Или придираюсь?
Societal Issues and Morality,А вы писали в штаны в школе
Relationships and Love,"Каковы шансы выйти замуж женщине, которая не хочет детей и не любит заниматься хозяйством?"
Relationships and Love,Тема для ЛЮБОВНИЦ!!! Жёнам вход воспрещён)))
Relationships and Love,"Ну вот как, как, как рожают и растят в Америке? 3 месяца декрета"
Societal Issues and Morality,Вам страшно что еда закончится?
Relationships and Love,Почему так важно чтоб мужик оплатил счёт за двоих?
Relationships and Love,Мужчина не захотел оплатить мой кофе
Relationships and Love,празднование день рождения мужа -конец брака?
Societal Issues and Morality,"Вы верите в ""жестокие избиения"" в Беларуси?"
Societal Issues and Morality,А вы жалеете животных больше чем людей?
Relationships and Love,Реакция мужчин на секс после свадьбы?
Relationships and Love,Когда жена на 10-15 лет старше.
Parenting and Family,"Узнала, что муж оформил нашу квартиру на свою маму!"
Relationships and Love,"Для женщин, которые хотят, чтобы мужчина оплачивал совместный досуг."
Career and Finance,Не работающие женщины
Societal Issues and Morality,"Мужики тут орут, что прозрели, что больше не платят за женщину"
Health and Wellness,у кого был панкреонекроз?
Relationships and Love,Прошлое девушки - преграда для семьи с ней?
Relationships and Love,Только русские мужчины платят на первом свидании
Relationships and Love,Мужчина не заплатил в ресторане. Что вы об этом думаете?
Health and Wellness,Возраст женщины - недостаток ли?
Relationships and Love,Одинокий мужчина.
Relationships and Love,20 лет брака и развод
Health and Wellness,Питьевая диета!
Relationships and Love,"Девушки с редкими именами, как вам живется?"
Societal Issues and Morality,Правитель мира - это женщина
Health and Wellness,как отбелить зубы в домашних условиях???
Relationships and Love,Женщины убили мои чувства
Societal Issues and Morality,"Не хватает денег, или зажралась? "
Societal Issues and Morality,Что не так с современными мужчинами?
Societal Issues and Morality,Двойной стандарт у мужчин. Почему такая несправедливость?
Relationships and Love,"Это норма, что мужчины не хотят жениться?"
Societal Issues and Morality,о бесперспективных мужчинах
Societal Issues and Morality,Курение на улице. Насколько уместно делать курильщику замечание?
Relationships and Love,"замуж в 30 лет за хорошего мужчину, есть ли шанс?"
Health and Wellness,Красные щеки
Parenting and Family,Незащищенное материнство в России
Relationships and Love,Нет смысла искать мужа в Европе западной
Societal Issues and Morality,Вопрос к девушкам: Что с вами стало?
Societal Issues and Morality,Количество партнеров у женщины
Health and Wellness,Перед Недобаффетом извинились
Health and Wellness,"Женский алкоголизм!Помогите,я спиваюсь!"
Societal Issues and Morality,Почему все женщины так стремятся унизить мужчин из России?
Parenting and Family,Ненавижу ребенка мужа от первого брака
Career and Finance,Прокрастинаторы давайте бороться с откладыванием дел на потом!!!
Parenting and Family,Как уговорить родителей на покупку собаки?
Societal Issues and Morality,"Почему те, кто желают возврата в СССР, не понимают, что минусов было больше?"
Relationships and Love,Отношения зашли в тупик.
Relationships and Love,Измена жены. Брак 20 лет
Societal Issues and Morality,Вам нравятся сказки Гофмана?
Relationships and Love,Почему мужчина должен обеспечивать женщину?
Health and Wellness,Ты не девочка???
Career and Finance,"кто ищет работу, давайте поддерживать друг друга"
Health and Wellness,булимия
Health and Wellness,ЭКО. Симптомы после пересадки эмбрионов и результат.
Health and Wellness,Жизнь после операции по исправлению сколиоза
Parenting and Family,Клуб Молодых Мамочек
Parenting and Family,"Девочки, у которых не получается забеременеть, давайте поддерживать друг друга!"
Career and Finance,Жизнь после рака шейки матки
Health and Wellness,Светит вставная челюсть
Health and Wellness,Хочется секса - 2
Health and Wellness,"Я не энергичная. Могла бы кое-чего добиться, но как побороть свою странную апатию ко всему?"
Relationships and Love,Где найти любовника
Relationships and Love,"Муж ушёл к другой, как пережить достойно?"
